INSERT INTO tags
 VALUES ('JavaScript'), ('Angular'), ('Python');

INSERT INTO channels (channelId, channelName)
  VALUES ('derekbanas', 'Derek Banas');

INSERT INTO screencasts(screencastId,title, durationInSeconds, channelId)
	VALUES ('_cLvpJY2deo', 'JavaScript Video Tutorial Pt 1', 1891, 'derekbanas');
INSERT INTO screencastTags
	VALUES ('_cLvpJY2deo', 'JavaScript');

INSERT INTO screencasts(screencastId,title, durationInSeconds, channelId)
	VALUES ('QETUuZ27N0w', 'Angularjs Tutorial for Beginners - learn Angular.js using UI-Router', 1891, 'derekbanas');
INSERT INTO screencastTags
	VALUES ('QETUuZ27N0w', 'Angular');
INSERT INTO screencastTags
	VALUES ('QETUuZ27N0w', 'JavaScript');

INSERT INTO screencasts(screencastId,title, durationInSeconds, channelId)
	VALUES ('PMfcsYzj-9M', 'The Definitive Guide to Object-Oriented JavaScript', 1891, 'derekbanas');
INSERT INTO screencastTags
	VALUES ('PMfcsYzj-9M', 'JavaScript');

INSERT INTO screencasts(screencastId,title, durationInSeconds, channelId)
	VALUES ('N4mEzFDjqtA', 'Python Programming', 1891, 'derekbanas');
INSERT INTO screencastTags
	VALUES ('N4mEzFDjqtA', 'Python');

INSERT INTO screencasts(screencastId,title, durationInSeconds, channelId)
	VALUES ('9uq3w6JJS00', 'Zero to Hero with Python', 1891, 'derekbanas');
INSERT INTO screencastTags
	VALUES ('9uq3w6JJS00', 'Python');

INSERT INTO screencasts(screencastId,title, durationInSeconds, channelId)
	VALUES ('cpPG0bKHYKc', 'Python Beginner Tutorial 1 (For Absolute Beginners)', 1891, 'derekbanas');
INSERT INTO screencastTags
	VALUES ('cpPG0bKHYKc', 'Python');

INSERT INTO screencasts(screencastId,title, durationInSeconds, channelId)
	VALUES ('0r5QvzjjKDc', 'AngularJS Directives Tutorial', 1891, 'derekbanas');
INSERT INTO screencastTags
	VALUES ('0r5QvzjjKDc','JavaScript');
INSERT INTO screencastTags
	VALUES ('0r5QvzjjKDc','Angular');
